lineage,position,allele_change,scheme
L1.1,117295,G/A,L1
L1.1,423334,G/A,L1
L1.1,1839306,A/G,L1
L1.1,1943723,C/T,L1
L1.1,2083610,G/C,L1
L1.1,2705561,A/G,L1
L1.1,2989683,C/T,L1
L1.1,3393361,C/G,L1
L1.1,3967223,G/A,L1
L1.1,4024967,C/G,L1
L1.1,4286156,T/C,L1
L1.1,4323302,T/C,L1
L1.1,4404247,G/A,L1
L1.1.1,55069,G/C,L1
L1.1.1,192924,C/A,L1
L1.1.1,226929,C/T,L1
L1.1.1,278189,T/C,L1
L1.1.1,289300,C/T,L1
L1.1.1,313425,G/T,L1
L1.1.1,485631,C/T,L1
L1.1.1,529363,C/T,L1
L1.1.1,869893,G/A,L1
L1.1.1,870112,C/T,L1
L1.1.1,972653,G/A,L1
L1.1.1,1016131,C/A,L1
L1.1.1,1023884,C/T,L1
L1.1.1,1039981,T/C,L1
L1.1.1,1131565,C/T,L1
L1.1.1,1261056,C/T,L1
L1.1.1,1412686,G/A,L1
L1.1.1,1499293,C/T,L1
L1.1.1,1550719,C/T,L1
L1.1.1,1924765,T/C,L1
L1.1.1,2063106,C/T,L1
L1.1.1,2078024,G/A,L1
L1.1.1,2118897,C/T,L1
L1.1.1,2379732,A/G,L1
L1.1.1,2677910,G/A,L1
L1.1.1,2772960,G/A,L1
L1.1.1,2907840,T/G,L1
L1.1.1,3021283,G/A,L1
L1.1.1,3030382,G/A,L1
L1.1.1,3220545,C/T,L1
L1.1.1,3221093,C/T,L1
L1.1.1,3260430,C/T,L1
L1.1.1,3330725,C/T,L1
L1.1.1,3451002,A/G,L1
L1.1.1,3629776,A/G,L1
L1.1.1,3657710,C/G,L1
L1.1.1,3683282,C/T,L1
L1.1.1,3774077,T/A,L1
L1.1.1,3883444,T/G,L1
L1.1.1,4182492,G/A,L1
L1.1.1,4218940,G/T,L1
L1.1.1,4314216,G/A,L1
L1.1.1.1,10986,G/A,L1
L1.1.1.1,15787,C/G,L1
L1.1.1.1,15900,G/A,L1
L1.1.1.1,71203,C/T,L1
L1.1.1.1,171129,G/A,L1
L1.1.1.1,471469,C/T,L1
L1.1.1.1,472471,G/A,L1
L1.1.1.1,634586,C/T,L1
L1.1.1.1,728897,C/T,L1
L1.1.1.1,851797,C/A,L1
L1.1.1.1,992206,C/T,L1
L1.1.1.1,1111469,C/T,L1
L1.1.1.1,1182192,G/A,L1
L1.1.1.1,1369927,C/T,L1
L1.1.1.1,1517912,C/T,L1
L1.1.1.1,1526100,A/G,L1
L1.1.1.1,1635527,G/A,L1
L1.1.1.1,1694277,A/G,L1
L1.1.1.1,1750465,T/C,L1
L1.1.1.1,1894765,G/A,L1
L1.1.1.1,1980325,G/A,L1
L1.1.1.1,2311357,G/A,L1
L1.1.1.1,2412584,G/A,L1
L1.1.1.1,2464860,C/A,L1
L1.1.1.1,2470934,C/A,L1
L1.1.1.1,2533237,G/A,L1
L1.1.1.1,2663319,C/A,L1
L1.1.1.1,2694026,C/T,L1
L1.1.1.1,2773181,C/T,L1
L1.1.1.1,2791079,C/T,L1
L1.1.1.1,2880431,G/C,L1
L1.1.1.1,2954859,C/T,L1
L1.1.1.1,2957546,T/G,L1
L1.1.1.1,2994964,C/T,L1
L1.1.1.1,3022811,G/A,L1
L1.1.1.1,3216553,G/A,L1
L1.1.1.1,3243197,G/A,L1
L1.1.1.1,3364142,G/A,L1
L1.1.1.1,3435307,A/C,L1
L1.1.1.1,3462178,G/A,L1
L1.1.1.1,3479373,C/A,L1
L1.1.1.1,3574258,G/A,L1
L1.1.1.1,3606394,T/C,L1
L1.1.1.1,3715840,G/A,L1
L1.1.1.1,3793428,G/T,L1
L1.1.1.1,3961373,T/G,L1
L1.1.1.1,4102929,G/A,L1
L1.1.1.2,36437,C/A,L1
L1.1.1.2,81580,G/T,L1
L1.1.1.2,89623,C/T,L1
L1.1.1.2,170522,G/A,L1
L1.1.1.2,251252,C/T,L1
L1.1.1.2,316421,C/T,L1
L1.1.1.2,353257,G/T,L1
L1.1.1.2,477294,A/G,L1
L1.1.1.2,555356,C/T,L1
L1.1.1.2,664065,G/A,L1
L1.1.1.2,665488,C/T,L1
L1.1.1.2,787982,G/A,L1
L1.1.1.2,879200,G/A,L1
L1.1.1.2,1067954,G/A,L1
L1.1.1.2,1176160,A/G,L1
L1.1.1.2,1248190,C/A,L1
L1.1.1.2,1329881,G/A,L1
L1.1.1.2,1499527,C/T,L1
L1.1.1.2,1772800,G/A,L1
L1.1.1.2,1968649,C/T,L1
L1.1.1.2,2174833,G/A,L1
L1.1.1.2,2245835,C/A,L1
L1.1.1.2,2258928,C/T,L1
L1.1.1.2,2415951,G/A,L1
L1.1.1.2,2508536,C/T,L1
L1.1.1.2,2559671,G/A,L1
L1.1.1.2,2569082,A/G,L1
L1.1.1.2,2573786,C/G,L1
L1.1.1.2,2574508,G/A,L1
L1.1.1.2,2641762,G/A,L1
L1.1.1.2,2852411,A/G,L1
L1.1.1.2,2880503,G/C,L1
L1.1.1.2,2958438,G/A,L1
L1.1.1.2,2964426,C/A,L1
L1.1.1.2,3137668,G/A,L1
L1.1.1.2,3155191,G/C,L1
L1.1.1.2,3186749,G/A,L1
L1.1.1.2,3292624,C/T,L1
L1.1.1.2,3317291,G/A,L1
L1.1.1.2,3350233,G/T,L1
L1.1.1.2,3520857,G/A,L1
L1.1.1.2,3600252,T/C,L1
L1.1.1.2,3616799,G/T,L1
L1.1.1.2,3618228,G/C,L1
L1.1.1.2,3873196,A/G,L1
L1.1.1.2,3888330,A/G,L1
L1.1.1.2,4056704,G/A,L1
L1.1.1.2,4158357,A/C,L1
L1.1.1.2,4261933,C/T,L1
L1.1.1.2,4270535,G/A,L1
L1.1.1.2,4305918,G/A,L1
L1.1.1.2,4391257,C/T,L1
L1.1.1.2,4404934,G/A,L1
L1.1.1.3,82949,C/T,L1
L1.1.1.3,863428,C/T,L1
L1.1.1.3,870862,C/T,L1
L1.1.1.3,1479479,G/A,L1
L1.1.1.3,2741659,C/T,L1
L1.1.1.3,3459402,C/T,L1
L1.1.1.4,17212,A/G,L1
L1.1.1.4,83440,A/G,L1
L1.1.1.4,162878,A/G,L1
L1.1.1.4,214328,A/C,L1
L1.1.1.4,298748,G/A,L1
L1.1.1.4,712731,G/A,L1
L1.1.1.4,752827,C/T,L1
L1.1.1.4,800349,C/G,L1
L1.1.1.4,808719,A/G,L1
L1.1.1.4,938227,G/A,L1
L1.1.1.4,943618,T/C,L1
L1.1.1.4,1047222,G/A,L1
L1.1.1.4,1087620,C/G,L1
L1.1.1.4,1102875,C/G,L1
L1.1.1.4,1292996,T/A,L1
L1.1.1.4,1306107,T/G,L1
L1.1.1.4,1398737,G/A,L1
L1.1.1.4,1462580,C/T,L1
L1.1.1.4,1563405,G/A,L1
L1.1.1.4,1606119,A/G,L1
L1.1.1.4,1691700,T/A,L1
L1.1.1.4,1693465,G/A,L1
L1.1.1.4,1706976,G/C,L1
L1.1.1.4,1716084,C/T,L1
L1.1.1.4,1723786,C/G,L1
L1.1.1.4,1755505,G/A,L1
L1.1.1.4,1939261,T/G,L1
L1.1.1.4,2212964,T/C,L1
L1.1.1.4,2246953,A/G,L1
L1.1.1.4,2266697,T/C,L1
L1.1.1.4,2283637,C/T,L1
L1.1.1.4,2438963,G/T,L1
L1.1.1.4,2480896,G/T,L1
L1.1.1.4,2490464,G/A,L1
L1.1.1.4,2904393,G/A,L1
L1.1.1.4,2913426,C/G,L1
L1.1.1.4,3011356,G/A,L1
L1.1.1.4,3033323,G/A,L1
L1.1.1.4,3231407,G/T,L1
L1.1.1.4,3447616,A/C,L1
L1.1.1.4,3635124,C/T,L1
L1.1.1.4,3680254,C/G,L1
L1.1.1.4,3708264,C/T,L1
L1.1.1.4,3860080,C/T,L1
L1.1.1.4,3900559,C/G,L1
L1.1.1.4,4013801,C/A,L1
L1.1.1.4,4018397,G/C,L1
L1.1.1.4,4064728,A/G,L1
L1.1.1.4,4104700,C/A,L1
L1.1.1.4,4142816,C/T,L1
L1.1.1.4,4171089,C/G,L1
L1.1.1.4,4294225,G/A,L1
L1.1.1.4,4322925,G/A,L1
L1.1.1.4,4362052,G/A,L1
L1.1.1.4,4371684,C/T,L1
L1.1.1.5,33282,T/G,L1
L1.1.1.5,36619,A/G,L1
L1.1.1.5,48767,G/T,L1
L1.1.1.5,58044,C/T,L1
L1.1.1.5,63300,C/T,L1
L1.1.1.5,72254,G/A,L1
L1.1.1.5,202317,C/A,L1
L1.1.1.5,306999,G/A,L1
L1.1.1.5,417326,C/A,L1
L1.1.1.5,437524,G/T,L1
L1.1.1.5,465803,C/T,L1
L1.1.1.5,468154,C/T,L1
L1.1.1.5,551714,T/C,L1
L1.1.1.5,603537,A/C,L1
L1.1.1.5,621202,C/A,L1
L1.1.1.5,645148,C/T,L1
L1.1.1.5,671543,A/G,L1
L1.1.1.5,899530,A/G,L1
L1.1.1.5,937524,G/A,L1
L1.1.1.5,947931,C/T,L1
L1.1.1.5,1125473,G/A,L1
L1.1.1.5,1153820,A/C,L1
L1.1.1.5,1165924,C/G,L1
L1.1.1.5,1166275,T/G,L1
L1.1.1.5,1169242,G/T,L1
L1.1.1.5,1179888,G/A,L1
L1.1.1.5,1182150,T/C,L1
L1.1.1.5,1528119,A/G,L1
L1.1.1.5,1711183,C/A,L1
L1.1.1.5,1724470,T/C,L1
L1.1.1.5,1756677,C/G,L1
L1.1.1.5,1841490,C/T,L1
L1.1.1.5,1850937,C/G,L1
L1.1.1.5,1912043,C/T,L1
L1.1.1.5,2089534,G/T,L1
L1.1.1.5,2103022,G/C,L1
L1.1.1.5,2117576,G/C,L1
L1.1.1.5,2445401,G/A,L1
L1.1.1.5,2498348,G/A,L1
L1.1.1.5,2518123,G/A,L1
L1.1.1.5,2894745,C/T,L1
L1.1.1.5,3079014,A/C,L1
L1.1.1.5,3135042,C/T,L1
L1.1.1.5,3307855,G/A,L1
L1.1.1.5,3327756,T/C,L1
L1.1.1.5,3358521,G/A,L1
L1.1.1.5,3366367,C/T,L1
L1.1.1.5,3617517,C/T,L1
L1.1.1.5,3703622,G/A,L1
L1.1.1.5,3791296,T/A,L1
L1.1.1.5,3831376,G/A,L1
L1.1.1.5,4043573,G/A,L1
L1.1.1.5,4124106,T/G,L1
L1.1.1.5,4180338,T/G,L1
L1.1.1.5,4356054,G/T,L1
L1.1.1.5,4367005,C/A,L1
L1.1.1.5,4386095,G/A,L1
L1.1.1.5,4391541,G/T,L1
L1.1.1.5,4406560,C/T,L1
L1.1.1.6,787113,A/G,L1
L1.1.1.6,1494226,A/G,L1
L1.1.1.6,1679537,C/G,L1
L1.1.1.6,2207914,T/G,L1
L1.1.1.6,2379013,C/T,L1
L1.1.1.6,2503368,C/T,L1
L1.1.1.6,4250012,T/G,L1
L1.1.1.6,4373286,G/A,L1
L1.1.1.7,107299,G/A,L1
L1.1.1.7,145591,C/T,L1
L1.1.1.7,345070,G/C,L1
L1.1.1.7,479591,C/A,L1
L1.1.1.7,484187,C/T,L1
L1.1.1.7,566189,G/A,L1
L1.1.1.7,1031270,C/T,L1
L1.1.1.7,1501683,G/A,L1
L1.1.1.7,1630227,A/G,L1
L1.1.1.7,1812860,C/T,L1
L1.1.1.7,2229876,T/G,L1
L1.1.1.7,2269446,G/A,L1
L1.1.1.7,2411421,C/T,L1
L1.1.1.7,2740311,G/T,L1
L1.1.1.7,2757995,C/A,L1
L1.1.1.7,2905042,G/A,L1
L1.1.1.7,3081078,C/T,L1
L1.1.1.7,3083289,C/A,L1
L1.1.1.7,3266379,A/G,L1
L1.1.1.7,3278762,C/T,L1
L1.1.1.7,3418035,C/G,L1
L1.1.1.7,3473652,G/C,L1
L1.1.1.7,3517426,C/T,L1
L1.1.1.7,3573435,G/A,L1
L1.1.1.7,3618935,C/T,L1
L1.1.1.7,3682887,C/T,L1
L1.1.1.7,3956631,T/C,L1
L1.1.1.7,3959102,A/T,L1
L1.1.1.7,3977968,G/T,L1
L1.1.1.7,4187997,C/T,L1
L1.1.1.7,4348966,G/A,L1
L1.1.1.7,4388818,G/T,L1
L1.1.1.7,4391087,C/T,L1
L1.1.1.7,4408564,G/A,L1
L1.1.1.8,194530,G/A,L1
L1.1.1.8,234242,C/T,L1
L1.1.1.8,301976,C/T,L1
L1.1.1.8,581990,C/T,L1
L1.1.1.8,741711,C/T,L1
L1.1.1.8,754629,G/A,L1
L1.1.1.8,778116,T/C,L1
L1.1.1.8,903198,T/G,L1
L1.1.1.8,919646,A/G,L1
L1.1.1.8,932973,A/G,L1
L1.1.1.8,987421,C/A,L1
L1.1.1.8,1128561,C/T,L1
L1.1.1.8,1142431,G/A,L1
L1.1.1.8,1194516,A/G,L1
L1.1.1.8,1283723,C/G,L1
L1.1.1.8,1394689,G/T,L1
L1.1.1.8,1553833,G/A,L1
L1.1.1.8,1625487,T/C,L1
L1.1.1.8,1827297,C/G,L1
L1.1.1.8,2195479,G/C,L1
L1.1.1.8,2612191,A/T,L1
L1.1.1.8,2752251,G/A,L1
L1.1.1.8,2756947,C/A,L1
L1.1.1.8,2810437,G/A,L1
L1.1.1.8,2821425,C/T,L1
L1.1.1.8,2830273,C/A,L1
L1.1.1.8,2886851,C/A,L1
L1.1.1.8,3452287,G/A,L1
L1.1.1.8,3556957,G/A,L1
L1.1.1.8,3644225,G/A,L1
L1.1.1.8,3937928,C/T,L1
L1.1.1.8,4158716,G/A,L1
L1.1.1.8,4193441,G/C,L1
L1.1.1.8,4313684,C/G,L1
L1.1.1.8,4316419,G/A,L1
L1.1.1.9,152602,C/T,L1
L1.1.1.9,165741,C/T,L1
L1.1.1.9,166188,C/T,L1
L1.1.1.9,436382,C/A,L1
L1.1.1.9,903183,A/G,L1
L1.1.1.9,1156144,G/T,L1
L1.1.1.9,1207038,G/A,L1
L1.1.1.9,1239362,C/A,L1
L1.1.1.9,1694077,C/T,L1
L1.1.1.9,1967696,A/G,L1
L1.1.1.9,2116651,G/A,L1
L1.1.1.9,2574591,A/C,L1
L1.1.1.9,2597869,C/T,L1
L1.1.1.9,2730008,G/T,L1
L1.1.1.9,2772689,C/A,L1
L1.1.1.9,2774932,G/A,L1
L1.1.1.9,3041822,C/G,L1
L1.1.1.9,3068518,G/C,L1
L1.1.1.9,3091467,G/C,L1
L1.1.1.9,3214560,A/G,L1
L1.1.1.9,3260844,C/T,L1
L1.1.1.9,3297797,T/G,L1
L1.1.1.9,3477663,G/A,L1
L1.1.1.9,3578983,A/C,L1
L1.1.1.9,3982711,C/T,L1
L1.1.1.9,4216522,G/C,L1
L1.1.1.10,57122,T/G,L1
L1.1.1.10,159905,G/A,L1
L1.1.1.10,212561,C/T,L1
L1.1.1.10,224966,A/C,L1
L1.1.1.10,330008,C/T,L1
L1.1.1.10,386085,C/T,L1
L1.1.1.10,388338,C/A,L1
L1.1.1.10,439583,G/T,L1
L1.1.1.10,518947,C/T,L1
L1.1.1.10,568856,G/A,L1
L1.1.1.10,628645,G/T,L1
L1.1.1.10,664308,C/A,L1
L1.1.1.10,681556,G/C,L1
L1.1.1.10,713869,G/A,L1
L1.1.1.10,781061,C/G,L1
L1.1.1.10,816705,C/G,L1
L1.1.1.10,828418,G/T,L1
L1.1.1.10,867177,G/A,L1
L1.1.1.10,940156,G/C,L1
L1.1.1.10,940516,G/T,L1
L1.1.1.10,989236,G/A,L1
L1.1.1.10,1005795,G/T,L1
L1.1.1.10,1010748,T/C,L1
L1.1.1.10,1015465,A/G,L1
L1.1.1.10,1049395,G/A,L1
L1.1.1.10,1100429,T/C,L1
L1.1.1.10,1103257,G/C,L1
L1.1.1.10,1107185,G/A,L1
L1.1.1.10,1116976,C/T,L1
L1.1.1.10,1122555,C/T,L1
L1.1.1.10,1128293,T/A,L1
L1.1.1.10,1136306,C/G,L1
L1.1.1.10,1171905,G/A,L1
L1.1.1.10,1180619,T/G,L1
L1.1.1.10,1188378,T/C,L1
L1.1.1.10,1231278,C/T,L1
L1.1.1.10,1246067,G/A,L1
L1.1.1.10,1293923,T/C,L1
L1.1.1.10,1327937,C/A,L1
L1.1.1.10,1481594,A/C,L1
L1.1.1.10,1503874,C/T,L1
L1.1.1.10,1644717,A/G,L1
L1.1.1.10,1713253,C/T,L1
L1.1.1.10,1726692,G/A,L1
L1.1.1.10,1748390,G/A,L1
L1.1.1.10,1818305,G/C,L1
L1.1.1.10,1829264,C/T,L1
L1.1.1.10,1876361,C/A,L1
L1.1.1.10,1882116,C/G,L1
L1.1.1.10,1886752,C/T,L1
L1.1.1.10,1958425,G/T,L1
L1.1.1.10,1959410,C/T,L1
L1.1.1.10,1984793,G/A,L1
L1.1.1.10,1992769,A/C,L1
L1.1.1.10,2005022,C/T,L1
L1.1.1.10,2127828,C/T,L1
L1.1.1.10,2193369,C/T,L1
L1.1.1.10,2209124,G/A,L1
L1.1.1.10,2252480,C/G,L1
L1.1.1.10,2269748,G/T,L1
L1.1.1.10,2328242,G/A,L1
L1.1.1.10,2342164,G/A,L1
L1.1.1.10,2348452,G/A,L1
L1.1.1.10,2394216,C/A,L1
L1.1.1.10,2493852,C/T,L1
L1.1.1.10,2655201,C/T,L1
L1.1.1.10,2687657,C/A,L1
L1.1.1.10,2723478,T/C,L1
L1.1.1.10,2734525,C/T,L1
L1.1.1.10,2926517,C/A,L1
L1.1.1.10,2929347,G/A,L1
L1.1.1.10,2999402,G/A,L1
L1.1.1.10,3015973,G/A,L1
L1.1.1.10,3035243,T/C,L1
L1.1.1.10,3144446,T/C,L1
L1.1.1.10,3213447,C/A,L1
L1.1.1.10,3318191,G/T,L1
L1.1.1.10,3330331,G/C,L1
L1.1.1.10,3333434,C/T,L1
L1.1.1.10,3338186,T/C,L1
L1.1.1.10,3407852,C/T,L1
L1.1.1.10,3422035,C/T,L1
L1.1.1.10,3437511,G/A,L1
L1.1.1.10,3437870,C/T,L1
L1.1.1.10,3445032,G/A,L1
L1.1.1.10,3516988,C/T,L1
L1.1.1.10,3556205,A/G,L1
L1.1.1.10,3653519,G/A,L1
L1.1.1.10,3670798,C/T,L1
L1.1.1.10,3774083,C/A,L1
L1.1.1.10,3805488,G/A,L1
L1.1.1.10,3833270,G/A,L1
L1.1.1.10,4195045,A/C,L1
L1.1.1.10,4209401,G/T,L1
L1.1.1.10,4217387,C/T,L1
L1.1.1.10,4273242,C/T,L1
L1.1.1.10,4283381,C/A,L1
L1.1.1.10,4299721,G/A,L1
L1.1.1.10,4354778,G/T,L1
L1.1.1.10,4358224,G/A,L1
L1.1.1.10,4361279,T/C,L1
L1.1.1.10,4393529,T/A,L1
L1.1.1.11,11713,C/T,L1
L1.1.1.11,39908,C/T,L1
L1.1.1.11,45738,G/A,L1
L1.1.1.11,53774,G/A,L1
L1.1.1.11,89776,C/T,L1
L1.1.1.11,93813,C/T,L1
L1.1.1.11,133666,A/T,L1
L1.1.1.11,135529,C/G,L1
L1.1.1.11,138574,T/C,L1
L1.1.1.11,172414,C/T,L1
L1.1.1.11,261369,C/A,L1
L1.1.1.11,272529,C/G,L1
L1.1.1.11,275793,G/A,L1
L1.1.1.11,291157,G/A,L1
L1.1.1.11,318507,G/A,L1
L1.1.1.11,380476,T/G,L1
L1.1.1.11,394059,T/C,L1
L1.1.1.11,403200,T/C,L1
L1.1.1.11,565026,G/A,L1
L1.1.1.11,565418,G/A,L1
L1.1.1.11,601395,C/T,L1
L1.1.1.11,626657,G/A,L1
L1.1.1.11,749361,G/C,L1
L1.1.1.11,806717,T/C,L1
L1.1.1.11,808152,C/A,L1
L1.1.1.11,899367,G/A,L1
L1.1.1.11,899419,G/A,L1
L1.1.1.11,930666,G/A,L1
L1.1.1.11,932790,G/A,L1
L1.1.1.11,936476,A/C,L1
L1.1.1.11,968415,G/T,L1
L1.1.1.11,986968,T/C,L1
L1.1.1.11,995375,G/A,L1
L1.1.1.11,1129798,A/G,L1
L1.1.1.11,1167274,C/T,L1
L1.1.1.11,1183434,C/T,L1
L1.1.1.11,1256267,G/A,L1
L1.1.1.11,1275708,G/C,L1
L1.1.1.11,1309655,G/A,L1
L1.1.1.11,1337900,A/G,L1
L1.1.1.11,1356954,C/A,L1
L1.1.1.11,1368438,A/G,L1
L1.1.1.11,1553188,C/T,L1
L1.1.1.11,1567809,G/A,L1
L1.1.1.11,1578111,C/T,L1
L1.1.1.11,1586105,C/T,L1
L1.1.1.11,1617705,A/C,L1
L1.1.1.11,1650458,G/T,L1
L1.1.1.11,1682247,C/T,L1
L1.1.1.11,1689369,T/C,L1
L1.1.1.11,1746151,G/A,L1
L1.1.1.11,1775320,T/C,L1
L1.1.1.11,1872761,G/A,L1
L1.1.1.11,1939443,T/C,L1
L1.1.1.11,1954109,C/T,L1
L1.1.1.11,1970936,C/T,L1
L1.1.1.11,2044914,G/T,L1
L1.1.1.11,2150534,C/T,L1
L1.1.1.11,2181094,C/G,L1
L1.1.1.11,2209153,T/G,L1
L1.1.1.11,2223124,A/C,L1
L1.1.1.11,2245150,G/A,L1
L1.1.1.11,2263183,C/T,L1
L1.1.1.11,2301127,G/C,L1
L1.1.1.11,2301134,A/T,L1
L1.1.1.11,2301143,C/A,L1
L1.1.1.11,2301155,C/T,L1
L1.1.1.11,2301158,T/C,L1
L1.1.1.11,2301161,G/C,L1
L1.1.1.11,2301169,C/A,L1
L1.1.1.11,2301170,G/C,L1
L1.1.1.11,2310666,C/T,L1
L1.1.1.11,2340849,C/T,L1
L1.1.1.11,2353582,G/A,L1
L1.1.1.11,2390615,C/T,L1
L1.1.1.11,2455669,A/C,L1
L1.1.1.11,2495787,G/A,L1
L1.1.1.11,2541011,C/T,L1
L1.1.1.11,2575627,G/A,L1
L1.1.1.11,2587106,C/T,L1
L1.1.1.11,2597827,C/T,L1
L1.1.1.11,2608440,A/G,L1
L1.1.1.11,2609702,C/T,L1
L1.1.1.11,2628244,C/G,L1
L1.1.1.11,2668527,C/T,L1
L1.1.1.11,2742671,G/C,L1
L1.1.1.11,2755679,T/G,L1
L1.1.1.11,2825636,A/C,L1
L1.1.1.11,2894495,C/T,L1
L1.1.1.11,3019313,C/T,L1
L1.1.1.11,3031589,C/T,L1
L1.1.1.11,3052746,G/A,L1
L1.1.1.11,3118820,C/T,L1
L1.1.1.11,3125431,G/A,L1
L1.1.1.11,3136773,G/T,L1
L1.1.1.11,3342275,G/C,L1
L1.1.1.11,3374122,G/T,L1
L1.1.1.11,3392874,G/A,L1
L1.1.1.11,3396588,T/C,L1
L1.1.1.11,3448288,T/C,L1
L1.1.1.11,3474342,G/A,L1
L1.1.1.11,3479523,C/A,L1
L1.1.1.11,3573693,C/G,L1
L1.1.1.11,3614959,C/T,L1
L1.1.1.11,3634161,G/A,L1
L1.1.1.11,3667019,A/G,L1
L1.1.1.11,3695969,T/C,L1
L1.1.1.11,3850633,C/T,L1
L1.1.1.11,3995777,A/C,L1
L1.1.1.11,4009276,C/T,L1
L1.1.1.11,4100631,C/G,L1
L1.1.1.11,4108803,G/A,L1
L1.1.1.11,4192185,C/T,L1
L1.1.1.11,4204921,G/A,L1
L1.1.1.11,4316463,G/A,L1
L1.1.1.11,4369319,C/T,L1
L1.1.1.11,4406998,G/T,L1
L1.1.2,20544,G/C,L1
L1.1.2,219722,G/T,L1
L1.1.2,445668,C/T,L1
L1.1.2,683910,C/T,L1
L1.1.2,899389,G/A,L1
L1.1.2,949087,C/T,L1
L1.1.2,1426589,C/T,L1
L1.1.2,2789661,C/A,L1
L1.1.2,2828058,G/A,L1
L1.1.2,3164730,G/A,L1
L1.1.2,3309009,C/A,L1
L1.1.2,3608865,C/T,L1
L1.1.2.1,22815,G/T,L1
L1.1.2.1,26089,G/A,L1
L1.1.2.1,32825,A/G,L1
L1.1.2.1,33542,C/A,L1
L1.1.2.1,40980,C/A,L1
L1.1.2.1,44826,C/T,L1
L1.1.2.1,63781,G/A,L1
L1.1.2.1,89272,A/G,L1
L1.1.2.1,92634,C/A,L1
L1.1.2.1,96992,G/C,L1
L1.1.2.1,117558,C/T,L1
L1.1.2.1,118141,G/A,L1
L1.1.2.1,128731,T/C,L1
L1.1.2.1,170756,A/T,L1
L1.1.2.1,260751,C/T,L1
L1.1.2.1,302936,T/C,L1
L1.1.2.1,341418,C/T,L1
L1.1.2.1,359476,G/C,L1
L1.1.2.1,386599,A/G,L1
L1.1.2.1,415933,A/G,L1
L1.1.2.1,470399,C/T,L1
L1.1.2.1,478342,G/A,L1
L1.1.2.1,518948,C/T,L1
L1.1.2.1,527526,G/T,L1
L1.1.2.1,597660,C/T,L1
L1.1.2.1,598959,G/T,L1
L1.1.2.1,640972,C/T,L1
L1.1.2.1,671049,G/A,L1
L1.1.2.1,700978,C/T,L1
L1.1.2.1,768183,A/G,L1
L1.1.2.1,774338,T/G,L1
L1.1.2.1,776041,C/T,L1
L1.1.2.1,789154,G/A,L1
L1.1.2.1,799702,T/G,L1
L1.1.2.1,813155,G/A,L1
L1.1.2.1,867988,C/T,L1
L1.1.2.1,870988,T/C,L1
L1.1.2.1,899330,C/T,L1
L1.1.2.1,952519,T/A,L1
L1.1.2.1,954550,G/T,L1
L1.1.2.1,955082,C/T,L1
L1.1.2.1,967034,A/G,L1
L1.1.2.1,985475,T/C,L1
L1.1.2.1,989287,C/T,L1
L1.1.2.1,1009780,G/C,L1
L1.1.2.1,1052841,G/T,L1
L1.1.2.1,1059548,C/T,L1
L1.1.2.1,1073362,C/T,L1
L1.1.2.1,1074418,C/T,L1
L1.1.2.1,1085384,C/G,L1
L1.1.2.1,1145337,C/T,L1
L1.1.2.1,1147579,G/C,L1
L1.1.2.1,1204210,C/T,L1
L1.1.2.1,1258514,C/T,L1
L1.1.2.1,1356416,C/T,L1
L1.1.2.1,1402979,T/C,L1
L1.1.2.1,1435525,C/A,L1
L1.1.2.1,1436893,A/G,L1
L1.1.2.1,1451615,C/G,L1
L1.1.2.1,1534060,T/C,L1
L1.1.2.1,1535970,T/C,L1
L1.1.2.1,1547970,G/T,L1
L1.1.2.1,1580099,G/A,L1
L1.1.2.1,1585533,G/A,L1
L1.1.2.1,1623547,T/C,L1
L1.1.2.1,1630284,C/T,L1
L1.1.2.1,1707564,A/G,L1
L1.1.2.1,1724624,C/T,L1
L1.1.2.1,1739382,G/C,L1
L1.1.2.1,1740379,C/A,L1
L1.1.2.1,1805217,A/G,L1
L1.1.2.1,1856809,C/T,L1
L1.1.2.1,1869545,A/G,L1
L1.1.2.1,1875303,C/T,L1
L1.1.2.1,1894730,C/T,L1
L1.1.2.1,1910293,C/T,L1
L1.1.2.1,1996070,A/C,L1
L1.1.2.1,2049806,G/A,L1
L1.1.2.1,2056386,A/G,L1
L1.1.2.1,2089529,T/G,L1
L1.1.2.1,2114637,C/T,L1
L1.1.2.1,2133577,G/A,L1
L1.1.2.1,2178172,G/C,L1
L1.1.2.1,2215764,G/A,L1
L1.1.2.1,2220466,G/C,L1
L1.1.2.1,2254852,G/C,L1
L1.1.2.1,2303997,A/G,L1
L1.1.2.1,2317247,C/T,L1
L1.1.2.1,2317390,C/G,L1
L1.1.2.1,2378841,C/G,L1
L1.1.2.1,2389311,G/T,L1
L1.1.2.1,2390453,C/T,L1
L1.1.2.1,2432391,G/A,L1
L1.1.2.1,2484191,G/A,L1
L1.1.2.1,2520274,C/A,L1
L1.1.2.1,2566375,C/T,L1
L1.1.2.1,2629642,C/T,L1
L1.1.2.1,2637677,G/A,L1
L1.1.2.1,2701970,C/T,L1
L1.1.2.1,2718776,G/A,L1
L1.1.2.1,2754685,G/A,L1
L1.1.2.1,2852800,C/A,L1
L1.1.2.1,2906545,G/A,L1
L1.1.2.1,3008645,C/A,L1
L1.1.2.1,3052050,G/A,L1
L1.1.2.1,3058034,C/T,L1
L1.1.2.1,3108933,T/C,L1
L1.1.2.1,3156228,G/A,L1
L1.1.2.1,3157398,G/A,L1
L1.1.2.1,3162066,C/T,L1
L1.1.2.1,3173445,T/C,L1
L1.1.2.1,3238521,C/A,L1
L1.1.2.1,3269169,C/T,L1
L1.1.2.1,3308689,C/T,L1
L1.1.2.1,3324327,C/G,L1
L1.1.2.1,3339101,G/A,L1
L1.1.2.1,3394866,A/G,L1
L1.1.2.1,3407317,G/A,L1
L1.1.2.1,3428608,C/T,L1
L1.1.2.1,3431075,A/G,L1
L1.1.2.1,3455421,T/G,L1
L1.1.2.1,3487945,T/C,L1
L1.1.2.1,3543947,C/T,L1
L1.1.2.1,3578709,A/C,L1
L1.1.2.1,3607069,C/T,L1
L1.1.2.1,3612739,G/A,L1
L1.1.2.1,3620144,C/T,L1
L1.1.2.1,3622753,G/A,L1
L1.1.2.1,3632277,C/T,L1
L1.1.2.1,3683365,G/A,L1
L1.1.2.1,3706541,A/G,L1
L1.1.2.1,3723448,G/A,L1
L1.1.2.1,3792592,G/A,L1
L1.1.2.1,3816236,C/T,L1
L1.1.2.1,3831752,G/T,L1
L1.1.2.1,3833664,C/T,L1
L1.1.2.1,3858571,G/A,L1
L1.1.2.1,3859615,G/A,L1
L1.1.2.1,3872306,A/C,L1
L1.1.2.1,3886852,A/G,L1
L1.1.2.1,3906308,A/G,L1
L1.1.2.1,3909516,A/G,L1
L1.1.2.1,3930927,G/A,L1
L1.1.2.1,3984612,G/A,L1
L1.1.2.1,3995156,A/C,L1
L1.1.2.1,3996614,C/G,L1
L1.1.2.1,4002378,C/G,L1
L1.1.2.1,4014375,T/C,L1
L1.1.2.1,4097426,G/A,L1
L1.1.2.1,4098527,C/T,L1
L1.1.2.1,4103595,C/G,L1
L1.1.2.1,4145734,G/A,L1
L1.1.2.1,4204975,C/T,L1
L1.1.2.1,4207596,A/G,L1
L1.1.2.1,4232064,G/A,L1
L1.1.2.1,4261522,G/A,L1
L1.1.2.1,4283246,G/A,L1
L1.1.2.1,4291621,A/G,L1
L1.1.2.1,4366376,G/A,L1
L1.1.2.1,4379186,G/T,L1
L1.1.2.1,4406833,G/A,L1
L1.1.2.2,12234,C/G,L1
L1.1.2.2,108184,C/T,L1
L1.1.2.2,156304,G/A,L1
L1.1.2.2,199857,G/A,L1
L1.1.2.2,199859,C/A,L1
L1.1.2.2,380772,G/A,L1
L1.1.2.2,499196,C/T,L1
L1.1.2.2,503647,G/A,L1
L1.1.2.2,559350,G/A,L1
L1.1.2.2,565415,C/T,L1
L1.1.2.2,567446,G/A,L1
L1.1.2.2,653287,G/A,L1
L1.1.2.2,711155,G/A,L1
L1.1.2.2,767516,G/T,L1
L1.1.2.2,794482,G/C,L1
L1.1.2.2,852361,G/A,L1
L1.1.2.2,856563,G/T,L1
L1.1.2.2,1194475,C/A,L1
L1.1.2.2,1195358,T/G,L1
L1.1.2.2,1306444,T/C,L1
L1.1.2.2,1470261,G/A,L1
L1.1.2.2,1509067,C/T,L1
L1.1.2.2,1575275,C/A,L1
L1.1.2.2,1596515,C/T,L1
L1.1.2.2,1831531,G/A,L1
L1.1.2.2,1841115,C/T,L1
L1.1.2.2,1901623,G/T,L1
L1.1.2.2,1948644,G/A,L1
L1.1.2.2,1967783,A/G,L1
L1.1.2.2,2008669,T/A,L1
L1.1.2.2,2053320,G/T,L1
L1.1.2.2,2057593,G/A,L1
L1.1.2.2,2068353,G/A,L1
L1.1.2.2,2110812,G/T,L1
L1.1.2.2,2131540,C/T,L1
L1.1.2.2,2143973,A/G,L1
L1.1.2.2,2218051,C/T,L1
L1.1.2.2,2249789,G/A,L1
L1.1.2.2,2368647,C/T,L1
L1.1.2.2,2399887,C/T,L1
L1.1.2.2,2531081,T/A,L1
L1.1.2.2,2552592,A/C,L1
L1.1.2.2,2579856,A/G,L1
L1.1.2.2,2608256,G/A,L1
L1.1.2.2,2622402,G/A,L1
L1.1.2.2,2719850,G/A,L1
L1.1.2.2,2729772,G/C,L1
L1.1.2.2,2739385,T/C,L1
L1.1.2.2,2753041,C/T,L1
L1.1.2.2,2787989,C/T,L1
L1.1.2.2,2788966,G/T,L1
L1.1.2.2,2815277,C/T,L1
L1.1.2.2,2830126,A/G,L1
L1.1.2.2,2893883,A/G,L1
L1.1.2.2,2906008,C/T,L1
L1.1.2.2,2915482,C/A,L1
L1.1.2.2,2963892,G/A,L1
L1.1.2.2,2992374,G/T,L1
L1.1.2.2,3011102,C/T,L1
L1.1.2.2,3032887,G/A,L1
L1.1.2.2,3036413,G/A,L1
L1.1.2.2,3070311,C/A,L1
L1.1.2.2,3092402,A/C,L1
L1.1.2.2,3202130,G/A,L1
L1.1.2.2,3208394,G/A,L1
L1.1.2.2,3242138,A/C,L1
L1.1.2.2,3338834,C/A,L1
L1.1.2.2,3394177,C/T,L1
L1.1.2.2,3531706,A/G,L1
L1.1.2.2,3538128,G/A,L1
L1.1.2.2,3547956,G/A,L1
L1.1.2.2,3554354,A/G,L1
L1.1.2.2,3629203,G/A,L1
L1.1.2.2,3664603,A/T,L1
L1.1.2.2,3784975,G/A,L1
L1.1.2.2,3879882,G/A,L1
L1.1.2.2,3897374,G/A,L1
L1.1.2.2,3988745,C/G,L1
L1.1.2.2,4020756,C/G,L1
L1.1.2.2,4047879,C/T,L1
L1.1.2.2,4064270,G/T,L1
L1.1.2.2,4283016,G/C,L1
L1.1.2.2,4298896,G/A,L1
L1.1.2.2,4325923,G/A,L1
L1.1.3,15177,C/G,L1
L1.1.3,145189,G/A,L1
L1.1.3,212674,T/G,L1
L1.1.3,286580,A/T,L1
L1.1.3,321403,G/A,L1
L1.1.3,486546,G/A,L1
L1.1.3,496840,G/A,L1
L1.1.3,565451,C/T,L1
L1.1.3,852641,C/T,L1
L1.1.3,877055,A/C,L1
L1.1.3,909623,T/C,L1
L1.1.3,1144221,G/A,L1
L1.1.3,1184798,C/T,L1
L1.1.3,1293121,C/T,L1
L1.1.3,1491275,G/A,L1
L1.1.3,1697460,C/T,L1
L1.1.3,1721745,C/T,L1
L1.1.3,1826264,A/G,L1
L1.1.3,1855625,C/T,L1
L1.1.3,1967975,G/A,L1
L1.1.3,2580759,G/A,L1
L1.1.3,2890112,G/A,L1
L1.1.3,3002595,C/T,L1
L1.1.3,3132289,A/G,L1
L1.1.3,3468392,G/A,L1
L1.1.3,3549346,G/A,L1
L1.1.3,3561987,G/A,L1
L1.1.3,3662543,T/C,L1
L1.1.3,3707884,G/A,L1
L1.1.3,3771123,C/T,L1
L1.1.3,4117564,G/A,L1
L1.1.3,4156672,C/T,L1
L1.1.3.1,3143,G/A,L1
L1.1.3.1,26618,C/A,L1
L1.1.3.1,28616,G/C,L1
L1.1.3.1,89179,T/C,L1
L1.1.3.1,93658,G/A,L1
L1.1.3.1,124240,C/T,L1
L1.1.3.1,170825,C/T,L1
L1.1.3.1,258864,C/G,L1
L1.1.3.1,283034,A/C,L1
L1.1.3.1,304050,T/C,L1
L1.1.3.1,304635,G/T,L1
L1.1.3.1,305455,G/A,L1
L1.1.3.1,442283,G/A,L1
L1.1.3.1,482570,A/C,L1
L1.1.3.1,485424,C/A,L1
L1.1.3.1,501694,C/T,L1
L1.1.3.1,532420,C/G,L1
L1.1.3.1,553441,C/T,L1
L1.1.3.1,685578,C/A,L1
L1.1.3.1,691848,C/T,L1
L1.1.3.1,720568,C/T,L1
L1.1.3.1,934250,C/G,L1
L1.1.3.1,944378,G/A,L1
L1.1.3.1,953861,G/A,L1
L1.1.3.1,988194,A/G,L1
L1.1.3.1,1050498,G/T,L1
L1.1.3.1,1058251,T/C,L1
L1.1.3.1,1060878,C/T,L1
L1.1.3.1,1149548,T/A,L1
L1.1.3.1,1249771,G/A,L1
L1.1.3.1,1288083,C/T,L1
L1.1.3.1,1331178,C/T,L1
L1.1.3.1,1345104,G/A,L1
L1.1.3.1,1353773,C/G,L1
L1.1.3.1,1366403,T/C,L1
L1.1.3.1,1376033,C/G,L1
L1.1.3.1,1418842,C/T,L1
L1.1.3.1,1469852,G/T,L1
L1.1.3.1,1485363,G/T,L1
L1.1.3.1,1505829,C/T,L1
L1.1.3.1,1599996,C/T,L1
L1.1.3.1,1727782,C/T,L1
L1.1.3.1,1813910,C/T,L1
L1.1.3.1,1986451,A/G,L1
L1.1.3.1,2069882,T/C,L1
L1.1.3.1,2099007,T/C,L1
L1.1.3.1,2100244,C/T,L1
L1.1.3.1,2176412,A/C,L1
L1.1.3.1,2200713,G/A,L1
L1.1.3.1,2247140,T/C,L1
L1.1.3.1,2264973,G/A,L1
L1.1.3.1,2267291,A/G,L1
L1.1.3.1,2300477,G/A,L1
L1.1.3.1,2327329,C/A,L1
L1.1.3.1,2346071,C/T,L1
L1.1.3.1,2350725,T/G,L1
L1.1.3.1,2363294,A/G,L1
L1.1.3.1,2372949,G/A,L1
L1.1.3.1,2611442,G/A,L1
L1.1.3.1,2655771,C/A,L1
L1.1.3.1,2658150,G/A,L1
L1.1.3.1,2694189,A/G,L1
L1.1.3.1,2725884,T/G,L1
L1.1.3.1,2789993,C/A,L1
L1.1.3.1,2887744,C/A,L1
L1.1.3.1,2929799,C/T,L1
L1.1.3.1,2948573,G/A,L1
L1.1.3.1,3042301,C/T,L1
L1.1.3.1,3051714,T/C,L1
L1.1.3.1,3142852,G/T,L1
L1.1.3.1,3166706,G/A,L1
L1.1.3.1,3178816,C/T,L1
L1.1.3.1,3238705,C/G,L1
L1.1.3.1,3271280,A/G,L1
L1.1.3.1,3312008,C/G,L1
L1.1.3.1,3395434,C/T,L1
L1.1.3.1,3476583,T/C,L1
L1.1.3.1,3526539,G/A,L1
L1.1.3.1,3529809,G/A,L1
L1.1.3.1,3535318,T/C,L1
L1.1.3.1,3546754,G/C,L1
L1.1.3.1,3781421,G/A,L1
L1.1.3.1,3875819,C/T,L1
L1.1.3.1,3906949,T/C,L1
L1.1.3.1,3920042,G/A,L1
L1.1.3.1,3920745,C/T,L1
L1.1.3.1,4022458,C/G,L1
L1.1.3.1,4211312,G/T,L1
L1.1.3.1,4215170,C/T,L1
L1.1.3.1,4320646,G/C,L1
L1.1.3.1,4346926,G/T,L1
L1.1.3.1,4399494,G/C,L1
L1.1.3.1,4402555,C/T,L1
L1.1.3.1,4411475,G/A,L1
L1.1.3.2,10996,G/A,L1
L1.1.3.2,28045,C/G,L1
L1.1.3.2,46824,C/T,L1
L1.1.3.2,57622,C/G,L1
L1.1.3.2,58026,C/T,L1
L1.1.3.2,66101,C/A,L1
L1.1.3.2,67969,C/T,L1
L1.1.3.2,88458,G/A,L1
L1.1.3.2,89454,A/G,L1
L1.1.3.2,93489,G/T,L1
L1.1.3.2,101902,C/T,L1
L1.1.3.2,103540,C/T,L1
L1.1.3.2,113641,C/T,L1
L1.1.3.2,115015,T/C,L1
L1.1.3.2,147163,G/C,L1
L1.1.3.2,151110,C/T,L1
L1.1.3.2,154307,C/T,L1
L1.1.3.2,165574,C/T,L1
L1.1.3.2,174128,T/C,L1
L1.1.3.2,193374,G/A,L1
L1.1.3.2,212040,C/T,L1
L1.1.3.2,264535,C/T,L1
L1.1.3.2,290273,C/T,L1
L1.1.3.2,309592,C/T,L1
L1.1.3.2,315974,G/A,L1
L1.1.3.2,318003,T/C,L1
L1.1.3.2,382296,G/A,L1
L1.1.3.2,404501,G/A,L1
L1.1.3.2,445695,C/T,L1
L1.1.3.2,547774,A/T,L1
L1.1.3.2,550693,T/C,L1
L1.1.3.2,556222,C/T,L1
L1.1.3.2,569426,G/A,L1
L1.1.3.2,633631,C/T,L1
L1.1.3.2,678191,T/G,L1
L1.1.3.2,693722,G/T,L1
L1.1.3.2,697725,C/T,L1
L1.1.3.2,706463,G/A,L1
L1.1.3.2,726336,C/T,L1
L1.1.3.2,755255,A/G,L1
L1.1.3.2,768974,C/T,L1
L1.1.3.2,780308,C/T,L1
L1.1.3.2,822625,T/C,L1
L1.1.3.2,882344,A/G,L1
L1.1.3.2,897197,C/G,L1
L1.1.3.2,905726,G/T,L1
L1.1.3.2,911009,C/T,L1
L1.1.3.2,912363,C/T,L1
L1.1.3.2,919252,A/G,L1
L1.1.3.2,932660,T/C,L1
L1.1.3.2,935172,G/A,L1
L1.1.3.2,946466,G/T,L1
L1.1.3.2,955442,G/A,L1
L1.1.3.2,976012,G/A,L1
L1.1.3.2,984782,A/G,L1
L1.1.3.2,1002374,G/A,L1
L1.1.3.2,1058324,G/A,L1
L1.1.3.2,1059690,G/T,L1
L1.1.3.2,1066025,G/A,L1
L1.1.3.2,1072330,A/G,L1
L1.1.3.2,1109961,A/G,L1
L1.1.3.2,1114071,G/A,L1
L1.1.3.2,1117286,C/A,L1
L1.1.3.2,1146224,C/T,L1
L1.1.3.2,1147228,C/T,L1
L1.1.3.2,1193668,G/A,L1
L1.1.3.2,1200617,G/A,L1
L1.1.3.2,1208602,G/A,L1
L1.1.3.2,1234978,C/T,L1
L1.1.3.2,1255343,C/T,L1
L1.1.3.2,1265067,T/G,L1
L1.1.3.2,1293597,G/A,L1
L1.1.3.2,1373603,C/T,L1
L1.1.3.2,1407625,G/A,L1
L1.1.3.2,1475049,C/T,L1
L1.1.3.2,1477889,C/G,L1
L1.1.3.2,1482886,C/A,L1
L1.1.3.2,1495150,A/G,L1
L1.1.3.2,1497986,C/A,L1
L1.1.3.2,1509924,C/T,L1
L1.1.3.2,1573931,C/T,L1
L1.1.3.2,1616703,T/C,L1
L1.1.3.2,1620108,C/T,L1
L1.1.3.2,1620665,C/A,L1
L1.1.3.2,1659865,A/G,L1
L1.1.3.2,1663441,G/A,L1
L1.1.3.2,1705109,G/C,L1
L1.1.3.2,1714666,G/A,L1
L1.1.3.2,1716057,C/G,L1
L1.1.3.2,1734039,A/G,L1
L1.1.3.2,1770137,C/T,L1
L1.1.3.2,1775404,A/C,L1
L1.1.3.2,1791608,T/G,L1
L1.1.3.2,1798591,A/G,L1
L1.1.3.2,1837320,G/C,L1
L1.1.3.2,1838136,C/T,L1
L1.1.3.2,1857903,C/T,L1
L1.1.3.2,1858786,C/T,L1
L1.1.3.2,1879921,T/C,L1
L1.1.3.2,1893924,C/T,L1
L1.1.3.2,1895189,C/T,L1
L1.1.3.2,1976014,C/T,L1
L1.1.3.2,1978884,G/A,L1
L1.1.3.2,1981330,G/T,L1
L1.1.3.2,1989219,A/C,L1
L1.1.3.2,2008404,C/G,L1
L1.1.3.2,2016286,C/A,L1
L1.1.3.2,2034628,G/A,L1
L1.1.3.2,2060905,C/T,L1
L1.1.3.2,2066474,T/C,L1
L1.1.3.2,2093252,C/G,L1
L1.1.3.2,2120229,C/T,L1
L1.1.3.2,2122729,G/T,L1
L1.1.3.2,2123894,G/A,L1
L1.1.3.2,2145744,C/T,L1
L1.1.3.2,2156146,T/C,L1
L1.1.3.2,2179590,C/T,L1
L1.1.3.2,2236171,G/A,L1
L1.1.3.2,2247079,C/T,L1
L1.1.3.2,2283831,A/C,L1
L1.1.3.2,2328260,G/C,L1
L1.1.3.2,2346463,G/A,L1
L1.1.3.2,2364740,C/T,L1
L1.1.3.2,2413246,C/T,L1
L1.1.3.2,2456149,G/A,L1
L1.1.3.2,2458229,A/G,L1
L1.1.3.2,2484747,C/T,L1
L1.1.3.2,2567126,G/T,L1
L1.1.3.2,2593057,T/C,L1
L1.1.3.2,2594793,G/A,L1
L1.1.3.2,2612140,C/T,L1
L1.1.3.2,2620989,A/G,L1
L1.1.3.2,2671409,G/A,L1
L1.1.3.2,2701763,G/A,L1
L1.1.3.2,2706795,T/G,L1
L1.1.3.2,2709647,C/T,L1
L1.1.3.2,2733776,T/G,L1
L1.1.3.2,2738352,C/T,L1
L1.1.3.2,2742494,C/T,L1
L1.1.3.2,2748241,G/A,L1
L1.1.3.2,2762455,C/G,L1
L1.1.3.2,2767833,G/A,L1
L1.1.3.2,2800213,G/A,L1
L1.1.3.2,2855110,A/G,L1
L1.1.3.2,2858046,G/A,L1
L1.1.3.2,2884506,G/C,L1
L1.1.3.2,2889314,C/T,L1
L1.1.3.2,2893536,G/A,L1
L1.1.3.2,2894302,C/T,L1
L1.1.3.2,2903617,G/A,L1
L1.1.3.2,2914027,C/T,L1
L1.1.3.2,2930329,G/C,L1
L1.1.3.2,2948512,C/T,L1
L1.1.3.2,2969403,C/T,L1
L1.1.3.2,2984596,C/A,L1
L1.1.3.2,2997944,C/T,L1
L1.1.3.2,3026418,G/A,L1
L1.1.3.2,3038735,G/T,L1
L1.1.3.2,3039759,C/T,L1
L1.1.3.2,3061837,C/A,L1
L1.1.3.2,3093950,C/G,L1
L1.1.3.2,3105590,A/C,L1
L1.1.3.2,3108155,A/G,L1
L1.1.3.2,3127694,G/A,L1
L1.1.3.2,3171752,G/A,L1
L1.1.3.2,3205543,G/A,L1
L1.1.3.2,3236497,A/G,L1
L1.1.3.2,3237607,G/C,L1
L1.1.3.2,3250227,A/G,L1
L1.1.3.2,3261685,C/A,L1
L1.1.3.2,3268006,C/T,L1
L1.1.3.2,3358768,C/T,L1
L1.1.3.2,3389917,C/T,L1
L1.1.3.2,3402148,C/T,L1
L1.1.3.2,3433267,G/A,L1
L1.1.3.2,3461561,C/G,L1
L1.1.3.2,3503384,G/C,L1
L1.1.3.2,3504347,C/T,L1
L1.1.3.2,3623435,C/T,L1
L1.1.3.2,3664359,C/T,L1
L1.1.3.2,3674846,G/A,L1
L1.1.3.2,3678013,G/A,L1
L1.1.3.2,3714152,G/T,L1
L1.1.3.2,3717136,C/T,L1
L1.1.3.2,3771890,C/G,L1
L1.1.3.2,3782599,G/A,L1
L1.1.3.2,3785036,C/A,L1
L1.1.3.2,3785893,C/T,L1
L1.1.3.2,3809393,C/T,L1
L1.1.3.2,3814106,C/G,L1
L1.1.3.2,3826086,C/G,L1
L1.1.3.2,3864361,G/A,L1
L1.1.3.2,3904906,C/A,L1
L1.1.3.2,3963176,C/T,L1
L1.1.3.2,3993161,G/A,L1
L1.1.3.2,3993537,C/T,L1
L1.1.3.2,4024316,G/C,L1
L1.1.3.2,4049074,C/T,L1
L1.1.3.2,4050746,G/A,L1
L1.1.3.2,4065597,G/T,L1
L1.1.3.2,4091955,T/A,L1
L1.1.3.2,4122924,G/T,L1
L1.1.3.2,4147095,G/A,L1
L1.1.3.2,4158330,C/T,L1
L1.1.3.2,4200789,C/T,L1
L1.1.3.2,4209750,C/T,L1
L1.1.3.2,4212881,G/A,L1
L1.1.3.2,4230371,G/A,L1
L1.1.3.2,4266975,G/C,L1
L1.1.3.2,4267431,G/A,L1
L1.1.3.2,4284395,C/T,L1
L1.1.3.2,4298020,G/C,L1
L1.1.3.2,4319446,C/T,L1
L1.1.3.2,4321885,G/A,L1
L1.1.3.2,4334965,A/C,L1
L1.1.3.2,4350045,G/T,L1
L1.1.3.2,4355391,G/A,L1
L1.1.3.2,4361637,C/T,L1
L1.1.3.2,4368041,G/A,L1
L1.1.3.2,4372867,G/A,L1
L1.1.3.2,4378049,T/C,L1
L1.1.3.2,4388761,G/A,L1
L1.1.3.2,4402895,C/G,L1
L1.1.3.2,4405397,C/T,L1
L1.1.3.3,16753,G/A,L1
L1.1.3.3,46624,G/T,L1
L1.1.3.3,60058,A/G,L1
L1.1.3.3,68341,G/A,L1
L1.1.3.3,78431,T/C,L1
L1.1.3.3,108404,G/A,L1
L1.1.3.3,115535,C/T,L1
L1.1.3.3,190832,G/A,L1
L1.1.3.3,202366,C/G,L1
L1.1.3.3,211219,C/A,L1
L1.1.3.3,235910,C/T,L1
L1.1.3.3,236217,C/T,L1
L1.1.3.3,298058,C/T,L1
L1.1.3.3,361173,C/T,L1
L1.1.3.3,414520,A/G,L1
L1.1.3.3,447350,G/T,L1
L1.1.3.3,558450,G/A,L1
L1.1.3.3,567022,G/A,L1
L1.1.3.3,573598,T/C,L1
L1.1.3.3,621101,C/T,L1
L1.1.3.3,629900,G/A,L1
L1.1.3.3,634321,G/T,L1
L1.1.3.3,644327,C/T,L1
L1.1.3.3,657099,G/A,L1
L1.1.3.3,677629,G/A,L1
L1.1.3.3,713471,C/A,L1
L1.1.3.3,789929,A/C,L1
L1.1.3.3,790191,C/T,L1
L1.1.3.3,853593,G/A,L1
L1.1.3.3,857467,A/G,L1
L1.1.3.3,858061,C/G,L1
L1.1.3.3,899737,C/T,L1
L1.1.3.3,909978,C/T,L1
L1.1.3.3,943782,G/A,L1
L1.1.3.3,955511,G/A,L1
L1.1.3.3,957357,T/C,L1
L1.1.3.3,959685,G/A,L1
L1.1.3.3,975885,G/A,L1
L1.1.3.3,997754,A/C,L1
L1.1.3.3,1005488,G/A,L1
L1.1.3.3,1013426,A/G,L1
L1.1.3.3,1015855,T/C,L1
L1.1.3.3,1150374,A/G,L1
L1.1.3.3,1151007,A/G,L1
L1.1.3.3,1158248,G/T,L1
L1.1.3.3,1178492,C/G,L1
L1.1.3.3,1203172,T/G,L1
L1.1.3.3,1238776,C/T,L1
L1.1.3.3,1265580,G/A,L1
L1.1.3.3,1272612,A/G,L1
L1.1.3.3,1281573,G/T,L1
L1.1.3.3,1293231,C/T,L1
L1.1.3.3,1310439,G/A,L1
L1.1.3.3,1328490,G/A,L1
L1.1.3.3,1331641,A/G,L1
L1.1.3.3,1354600,C/T,L1
L1.1.3.3,1439465,G/T,L1
L1.1.3.3,1439485,G/A,L1
L1.1.3.3,1508990,C/A,L1
L1.1.3.3,1630286,C/T,L1
L1.1.3.3,1654848,C/G,L1
L1.1.3.3,1677000,G/A,L1
L1.1.3.3,1694374,C/T,L1
L1.1.3.3,1733177,G/A,L1
L1.1.3.3,1745100,C/T,L1
L1.1.3.3,1889748,G/A,L1
L1.1.3.3,1940135,T/C,L1
L1.1.3.3,1952164,C/T,L1
L1.1.3.3,1976771,G/A,L1
L1.1.3.3,2096670,C/T,L1
L1.1.3.3,2111855,A/G,L1
L1.1.3.3,2113401,G/T,L1
L1.1.3.3,2120155,G/A,L1
L1.1.3.3,2161626,A/G,L1
L1.1.3.3,2171583,C/T,L1
L1.1.3.3,2191794,C/T,L1
L1.1.3.3,2197513,G/A,L1
L1.1.3.3,2203173,C/G,L1
L1.1.3.3,2220449,C/T,L1
L1.1.3.3,2232771,G/A,L1
L1.1.3.3,2241494,G/A,L1
L1.1.3.3,2390440,C/T,L1
L1.1.3.3,2413523,G/A,L1
L1.1.3.3,2436383,G/C,L1
L1.1.3.3,2437421,G/A,L1
L1.1.3.3,2458886,G/A,L1
L1.1.3.3,2474246,T/C,L1
L1.1.3.3,2492969,G/T,L1
L1.1.3.3,2512457,C/T,L1
L1.1.3.3,2536012,T/C,L1
L1.1.3.3,2571621,T/C,L1
L1.1.3.3,2579212,G/A,L1
L1.1.3.3,2600170,G/A,L1
L1.1.3.3,2602458,A/G,L1
L1.1.3.3,2623938,G/A,L1
L1.1.3.3,2680915,G/A,L1
L1.1.3.3,2702397,G/T,L1
L1.1.3.3,2707546,T/C,L1
L1.1.3.3,2708143,C/T,L1
L1.1.3.3,2896266,G/T,L1
L1.1.3.3,2916339,C/T,L1
L1.1.3.3,2949460,C/T,L1
L1.1.3.3,2962994,G/T,L1
L1.1.3.3,3065540,C/G,L1
L1.1.3.3,3110717,C/T,L1
L1.1.3.3,3124550,G/A,L1
L1.1.3.3,3139567,A/C,L1
L1.1.3.3,3149192,G/T,L1
L1.1.3.3,3250647,G/T,L1
L1.1.3.3,3323170,C/T,L1
L1.1.3.3,3349045,G/A,L1
L1.1.3.3,3383236,G/T,L1
L1.1.3.3,3404676,C/A,L1
L1.1.3.3,3419223,C/A,L1
L1.1.3.3,3445423,G/A,L1
L1.1.3.3,3454859,C/T,L1
L1.1.3.3,3531677,C/T,L1
L1.1.3.3,3534080,T/G,L1
L1.1.3.3,3538501,A/G,L1
L1.1.3.3,3556862,C/T,L1
L1.1.3.3,3570672,C/T,L1
L1.1.3.3,3571217,C/T,L1
L1.1.3.3,3602252,G/A,L1
L1.1.3.3,3631352,T/C,L1
L1.1.3.3,3658042,G/A,L1
L1.1.3.3,3674322,C/T,L1
L1.1.3.3,3685353,C/T,L1
L1.1.3.3,3695270,C/T,L1
L1.1.3.3,3803962,C/T,L1
L1.1.3.3,3854829,A/G,L1
L1.1.3.3,3870931,A/G,L1
L1.1.3.3,3917229,G/T,L1
L1.1.3.3,3975252,T/C,L1
L1.1.3.3,4016420,C/T,L1
L1.1.3.3,4029043,C/T,L1
L1.1.3.3,4082219,A/C,L1
L1.1.3.3,4097627,C/T,L1
L1.1.3.3,4191305,C/A,L1
L1.1.3.3,4212296,C/T,L1
L1.1.3.3,4218418,G/A,L1
L1.1.3.3,4230381,G/T,L1
L1.1.3.3,4258662,G/A,L1
L1.1.3.3,4291742,C/A,L1
L1.1.3.3,4321807,G/A,L1
L1.1.3.3,4350467,A/C,L1
L1.1.3.3,4372699,T/G,L1
L1.1.3.4,25139,A/G,L1
L1.1.3.4,44996,G/A,L1
L1.1.3.4,65367,C/A,L1
L1.1.3.4,101819,G/A,L1
L1.1.3.4,148481,C/T,L1
L1.1.3.4,163306,A/G,L1
L1.1.3.4,164682,C/T,L1
L1.1.3.4,187285,G/C,L1
L1.1.3.4,221480,C/A,L1
L1.1.3.4,241955,C/T,L1
L1.1.3.4,251224,G/A,L1
L1.1.3.4,352804,G/C,L1
L1.1.3.4,388135,T/C,L1
L1.1.3.4,395537,A/C,L1
L1.1.3.4,452754,G/T,L1
L1.1.3.4,453299,A/G,L1
L1.1.3.4,475563,C/A,L1
L1.1.3.4,480890,C/G,L1
L1.1.3.4,485893,G/T,L1
L1.1.3.4,487246,G/C,L1
L1.1.3.4,540775,C/T,L1
L1.1.3.4,567915,G/A,L1
L1.1.3.4,577535,G/C,L1
L1.1.3.4,578399,G/A,L1
L1.1.3.4,591546,C/T,L1
L1.1.3.4,621623,G/A,L1
L1.1.3.4,661873,T/C,L1
L1.1.3.4,689062,A/G,L1
L1.1.3.4,697606,G/A,L1
L1.1.3.4,710391,T/G,L1
L1.1.3.4,710748,G/T,L1
L1.1.3.4,712143,C/A,L1
L1.1.3.4,715075,C/T,L1
L1.1.3.4,786685,G/T,L1
L1.1.3.4,812783,T/G,L1
L1.1.3.4,953413,G/A,L1
L1.1.3.4,1004547,G/A,L1
L1.1.3.4,1077981,A/G,L1
L1.1.3.4,1101516,G/T,L1
L1.1.3.4,1128665,T/C,L1
L1.1.3.4,1232077,C/T,L1
L1.1.3.4,1240353,G/C,L1
L1.1.3.4,1287533,C/T,L1
L1.1.3.4,1327550,C/T,L1
L1.1.3.4,1334101,G/A,L1
L1.1.3.4,1442144,T/G,L1
L1.1.3.4,1446159,G/T,L1
L1.1.3.4,1466977,G/T,L1
L1.1.3.4,1482721,C/G,L1
L1.1.3.4,1509360,C/G,L1
L1.1.3.4,1530439,T/C,L1
L1.1.3.4,1557518,A/G,L1
L1.1.3.4,1564381,G/A,L1
L1.1.3.4,1624992,G/A,L1
L1.1.3.4,1639002,G/A,L1
L1.1.3.4,1640244,C/T,L1
L1.1.3.4,1679475,C/T,L1
L1.1.3.4,1707800,G/T,L1
L1.1.3.4,1742081,G/A,L1
L1.1.3.4,1756802,G/A,L1
L1.1.3.4,1759915,G/A,L1
L1.1.3.4,1885612,C/G,L1
L1.1.3.4,1899810,C/T,L1
L1.1.3.4,2020026,C/G,L1
L1.1.3.4,2022310,C/T,L1
L1.1.3.4,2064420,G/A,L1
L1.1.3.4,2094960,G/A,L1
L1.1.3.4,2117085,G/T,L1
L1.1.3.4,2117462,A/C,L1
L1.1.3.4,2158016,C/T,L1
L1.1.3.4,2202857,A/C,L1
L1.1.3.4,2209176,G/A,L1
L1.1.3.4,2253891,G/T,L1
L1.1.3.4,2279758,C/T,L1
L1.1.3.4,2288231,C/T,L1
L1.1.3.4,2369187,C/T,L1
L1.1.3.4,2369460,G/A,L1
L1.1.3.4,2405536,T/C,L1
L1.1.3.4,2446572,G/A,L1
L1.1.3.4,2513411,C/G,L1
L1.1.3.4,2542392,A/G,L1
L1.1.3.4,2639724,A/G,L1
L1.1.3.4,2684623,G/T,L1
L1.1.3.4,2702369,A/G,L1
L1.1.3.4,2712566,G/T,L1
L1.1.3.4,2713892,T/G,L1
L1.1.3.4,2719938,A/G,L1
L1.1.3.4,2730348,G/A,L1
L1.1.3.4,2732629,T/C,L1
L1.1.3.4,2755330,C/T,L1
L1.1.3.4,2827111,C/T,L1
L1.1.3.4,2829950,A/G,L1
L1.1.3.4,2903715,A/C,L1
L1.1.3.4,2911916,G/A,L1
L1.1.3.4,2915629,G/A,L1
L1.1.3.4,2955104,C/T,L1
L1.1.3.4,3081049,C/A,L1
L1.1.3.4,3220048,C/T,L1
L1.1.3.4,3272697,G/A,L1
L1.1.3.4,3409395,C/T,L1
L1.1.3.4,3412405,C/T,L1
L1.1.3.4,3486429,C/T,L1
L1.1.3.4,3488278,G/C,L1
L1.1.3.4,3500037,T/G,L1
L1.1.3.4,3520485,G/T,L1
L1.1.3.4,3589143,G/A,L1
L1.1.3.4,3651032,C/T,L1
L1.1.3.4,3653225,C/T,L1
L1.1.3.4,3659019,G/A,L1
L1.1.3.4,3665931,G/T,L1
L1.1.3.4,3676201,C/A,L1
L1.1.3.4,3721214,C/T,L1
L1.1.3.4,3724346,C/T,L1
L1.1.3.4,3785599,A/C,L1
L1.1.3.4,3878687,T/G,L1
L1.1.3.4,3901574,A/T,L1
L1.1.3.4,4010994,C/T,L1
L1.1.3.4,4018725,G/A,L1
L1.1.3.4,4057373,G/A,L1
L1.1.3.4,4078153,C/T,L1
L1.1.3.4,4084405,G/A,L1
L1.1.3.4,4095404,G/A,L1
L1.1.3.4,4110707,C/T,L1
L1.1.3.4,4130200,A/G,L1
L1.1.3.4,4154816,G/A,L1
L1.1.3.4,4154820,C/T,L1
L1.1.3.4,4294389,G/A,L1
L1.1.3.4,4346294,G/C,L1
L1.1.3.4,4362108,G/A,L1
L1.2,27473,G/T,L1
L1.2,41151,C/A,L1
L1.2,49976,C/T,L1
L1.2,137673,G/A,L1
L1.2,177175,G/C,L1
L1.2,194040,C/A,L1
L1.2,303414,C/T,L1
L1.2,445400,C/T,L1
L1.2,495198,A/G,L1
L1.2,639835,C/T,L1
L1.2,646163,C/A,L1
L1.2,654996,C/T,L1
L1.2,686066,A/G,L1
L1.2,753392,T/C,L1
L1.2,864166,C/T,L1
L1.2,947176,C/G,L1
L1.2,990383,G/A,L1
L1.2,1065742,G/A,L1
L1.2,1070381,A/G,L1
L1.2,1136017,A/G,L1
L1.2,1258324,A/G,L1
L1.2,1363194,G/A,L1
L1.2,1419602,T/C,L1
L1.2,1453165,C/G,L1
L1.2,1453996,C/G,L1
L1.2,1478222,C/G,L1
L1.2,1578829,T/G,L1
L1.2,1668914,C/G,L1
L1.2,1676308,T/C,L1
L1.2,1964913,C/T,L1
L1.2,2011542,T/C,L1
L1.2,2123987,G/A,L1
L1.2,2278507,G/A,L1
L1.2,2282130,C/A,L1
L1.2,2433579,T/C,L1
L1.2,2580310,G/A,L1
L1.2,2672514,C/G,L1
L1.2,2732591,C/G,L1
L1.2,2912061,G/A,L1
L1.2,3141349,A/G,L1
L1.2,3170496,A/T,L1
L1.2,3352932,C/A,L1
L1.2,3352933,G/A,L1
L1.2,3359584,G/A,L1
L1.2,3398940,T/C,L1
L1.2,3400230,C/T,L1
L1.2,3479545,C/A,L1
L1.2,3504418,C/T,L1
L1.2,3561229,C/A,L1
L1.2,3720792,T/G,L1
L1.2,3974868,G/A,L1
L1.2,4014376,C/A,L1
L1.2,4113833,C/T,L1
L1.2,4155903,G/T,L1
L1.2,4163954,T/C,L1
L1.2,4195938,G/A,L1
L1.2.1,240838,G/A,L1
L1.2.1,1090186,T/G,L1
L1.2.1,3348472,A/G,L1
L1.2.1,4237703,A/G,L1
L1.2.2,27199,G/A,L1
L1.2.2,235681,G/A,L1
L1.2.2,263057,T/G,L1
L1.2.2,273568,G/T,L1
L1.2.2,281454,C/A,L1
L1.2.2,446747,C/T,L1
L1.2.2,456487,C/A,L1
L1.2.2,508435,C/T,L1
L1.2.2,580008,A/G,L1
L1.2.2,770657,G/A,L1
L1.2.2,923267,G/A,L1
L1.2.2,1032241,G/T,L1
L1.2.2,1061858,C/T,L1
L1.2.2,1128814,G/A,L1
L1.2.2,1201291,A/G,L1
L1.2.2,1225126,G/A,L1
L1.2.2,1401206,G/A,L1
L1.2.2,1460907,T/C,L1
L1.2.2,1567985,A/G,L1
L1.2.2,1569878,G/T,L1
L1.2.2,1613927,C/A,L1
L1.2.2,1677765,C/T,L1
L1.2.2,1841313,G/A,L1
L1.2.2,1875886,C/A,L1
L1.2.2,1902386,C/A,L1
L1.2.2,1902387,C/A,L1
L1.2.2,1944723,G/T,L1
L1.2.2,2000536,C/T,L1
L1.2.2,2013872,A/C,L1
L1.2.2,2185741,C/T,L1
L1.2.2,2270065,T/C,L1
L1.2.2,2315005,C/T,L1
L1.2.2,2397445,C/T,L1
L1.2.2,2487829,T/G,L1
L1.2.2,2590827,T/G,L1
L1.2.2,2699058,C/G,L1
L1.2.2,2706890,G/C,L1
L1.2.2,2733047,G/C,L1
L1.2.2,3028074,G/T,L1
L1.2.2,3030990,T/C,L1
L1.2.2,3095130,G/A,L1
L1.2.2,3217883,C/T,L1
L1.2.2,3417404,G/T,L1
L1.2.2,3428088,G/A,L1
L1.2.2,3530023,C/T,L1
L1.2.2,3611192,C/T,L1
L1.2.2,3643582,T/C,L1
L1.2.2,3862181,C/T,L1
L1.2.2,4045670,G/A,L1
L1.2.2,4115001,G/C,L1
L1.2.2,4116758,C/T,L1
L1.2.2,4293107,G/A,L1
L1.2.2,4336774,C/T,L1
L1.2.2.1,82884,T/C,L1
L1.2.2.1,405404,C/T,L1
L1.2.2.1,451136,G/T,L1
L1.2.2.1,551090,C/T,L1
L1.2.2.1,597260,G/A,L1
L1.2.2.1,782943,G/A,L1
L1.2.2.1,1061936,C/T,L1
L1.2.2.1,1062636,G/A,L1
L1.2.2.1,1378715,G/A,L1
L1.2.2.1,1474732,A/G,L1
L1.2.2.1,1639386,G/A,L1
L1.2.2.1,1664717,C/T,L1
L1.2.2.1,1808898,C/T,L1
L1.2.2.1,1819651,C/T,L1
L1.2.2.1,1907027,A/G,L1
L1.2.2.1,1923530,C/T,L1
L1.2.2.1,2349675,G/A,L1
L1.2.2.1,2431720,C/T,L1
L1.2.2.1,2478191,G/A,L1
L1.2.2.1,2774757,G/A,L1
L1.2.2.1,2839255,G/A,L1
L1.2.2.1,3242963,C/T,L1
L1.2.2.1,3371011,G/T,L1
L1.2.2.1,3394562,G/T,L1
L1.2.2.1,3591304,G/A,L1
L1.2.2.1,3663189,G/A,L1
L1.2.2.1,3902850,G/A,L1
L1.2.2.1,4023528,C/T,L1
L1.2.2.1,4050270,T/C,L1
L1.2.2.1,4070735,G/C,L1
L1.2.2.1,4316089,A/C,L1
L1.2.2.2,46588,C/T,L1
L1.2.2.2,599274,G/C,L1
L1.2.2.2,720337,C/G,L1
L1.2.2.2,986321,C/T,L1
L1.2.2.2,1001471,T/C,L1
L1.2.2.2,1024313,C/T,L1
L1.2.2.2,1502226,C/T,L1
L1.2.2.2,1950206,T/G,L1
L1.2.2.2,2289524,G/A,L1
L1.2.2.2,2378976,C/T,L1
L1.2.2.2,2560410,C/T,L1
L1.2.2.2,2669162,C/A,L1
L1.2.2.2,3296809,G/A,L1
L1.2.2.2,3317917,G/A,L1
L1.2.2.2,3515936,C/T,L1
L1.2.2.2,3850675,C/T,L1
L1.2.2.2,4125663,A/G,L1
L1.2.2.2,4255679,C/T,L1
L1.2.2.2,4258855,C/G,L1
L1.2.2.3,63752,C/T,L1
L1.2.2.3,594070,A/C,L1
L1.2.2.3,3084315,G/A,L1
L1.2.2.3,4250022,T/G,L1
L1.2.2.4,1302821,G/A,L1
L1.2.2.4,2008044,C/T,L1
L1.2.2.4,3493996,G/A,L1
L1.2.2.4,3576656,G/A,L1
L1.2.2.4,3628694,G/A,L1
L1.2.2.5,39103,G/A,L1
L1.2.2.5,1356864,T/C,L1
L1.2.2.5,1673229,C/T,L1
L1.2.2.5,1797969,C/T,L1
L1.2.2.5,1981469,C/T,L1
L1.2.2.5,2156879,C/T,L1
L1.2.2.5,2176751,G/A,L1
L1.2.2.5,2236328,C/A,L1
L1.2.2.5,2507571,C/T,L1
L1.2.2.5,3455760,C/T,L1
L1.2.2.5,3956091,G/A,L1
L1.2.2.5,4299471,C/T,L1
L1.3,20407,G/A,L1
L1.3,77469,C/T,L1
L1.3,486511,T/C,L1
L1.3,727440,C/T,L1
L1.3,828422,T/G,L1
L1.3,942811,C/A,L1
L1.3,1018811,G/A,L1
L1.3,1033573,A/G,L1
L1.3,1370066,C/T,L1
L1.3,1805690,G/A,L1
L1.3,2245117,G/A,L1
L1.3,2284848,G/A,L1
L1.3,2330343,C/A,L1
L1.3,2355363,G/T,L1
L1.3,3049806,C/T,L1
L1.3,3534263,G/C,L1
L1.3,3691767,G/T,L1
L1.3,3824167,G/C,L1
L1.3,3967966,C/T,L1
L1.3,4121388,G/A,L1
L1.3,4285318,C/T,L1
L1.3.1,60297,T/C,L1
L1.3.1,74805,G/C,L1
L1.3.1,123511,C/T,L1
L1.3.1,203637,C/G,L1
L1.3.1,204724,G/A,L1
L1.3.1,364142,G/A,L1
L1.3.1,527270,G/T,L1
L1.3.1,570311,G/C,L1
L1.3.1,591412,G/A,L1
L1.3.1,678673,C/T,L1
L1.3.1,694008,C/T,L1
L1.3.1,717879,G/A,L1
L1.3.1,740617,G/C,L1
L1.3.1,872087,C/G,L1
L1.3.1,1155758,C/T,L1
L1.3.1,1165597,T/C,L1
L1.3.1,1245275,C/T,L1
L1.3.1,1690407,G/A,L1
L1.3.1,1697779,G/C,L1
L1.3.1,1722036,C/A,L1
L1.3.1,1774002,C/T,L1
L1.3.1,1789867,A/T,L1
L1.3.1,1821774,C/T,L1
L1.3.1,1885495,G/A,L1
L1.3.1,2024990,C/T,L1
L1.3.1,2074781,C/T,L1
L1.3.1,2144366,T/G,L1
L1.3.1,2150669,C/T,L1
L1.3.1,2158742,T/G,L1
L1.3.1,2197675,A/C,L1
L1.3.1,2510553,C/A,L1
L1.3.1,2548139,G/A,L1
L1.3.1,2585622,C/A,L1
L1.3.1,2595961,C/T,L1
L1.3.1,2657046,G/A,L1
L1.3.1,2770722,T/C,L1
L1.3.1,2771457,C/A,L1
L1.3.1,2821426,G/A,L1
L1.3.1,2904886,C/T,L1
L1.3.1,2946372,G/C,L1
L1.3.1,3090181,G/A,L1
L1.3.1,3155382,A/G,L1
L1.3.1,3328681,G/T,L1
L1.3.1,3346959,G/T,L1
L1.3.1,3487707,C/A,L1
L1.3.1,3787156,G/A,L1
L1.3.1,3953227,G/C,L1
L1.3.1,3961555,C/A,L1
L1.3.1,3968407,G/T,L1
L1.3.1,3983049,T/G,L1
L1.3.1,4018307,C/A,L1
L1.3.1,4339219,C/T,L1
L1.3.1,4340312,A/G,L1
L1.3.1,4399447,G/C,L1
L1.3.2,1718,C/A,L1
L1.3.2,13699,T/C,L1
L1.3.2,37040,C/A,L1
L1.3.2,46552,C/G,L1
L1.3.2,50593,A/C,L1
L1.3.2,56531,T/C,L1
L1.3.2,61842,T/C,L1
L1.3.2,88764,C/T,L1
L1.3.2,121245,G/A,L1
L1.3.2,158688,A/G,L1
L1.3.2,251635,G/A,L1
L1.3.2,392990,G/T,L1
L1.3.2,409297,A/G,L1
L1.3.2,497393,G/A,L1
L1.3.2,551637,A/G,L1
L1.3.2,596475,C/T,L1
L1.3.2,654355,C/T,L1
L1.3.2,661929,C/A,L1
L1.3.2,729357,C/T,L1
L1.3.2,771326,C/T,L1
L1.3.2,772400,G/C,L1
L1.3.2,787745,T/G,L1
L1.3.2,814443,A/C,L1
L1.3.2,909921,G/A,L1
L1.3.2,994091,G/A,L1
L1.3.2,1049161,C/A,L1
L1.3.2,1157583,G/A,L1
L1.3.2,1228067,G/A,L1
L1.3.2,1279709,G/C,L1
L1.3.2,1324918,C/G,L1
L1.3.2,1441334,G/A,L1
L1.3.2,1492049,C/T,L1
L1.3.2,1564586,C/T,L1
L1.3.2,1589234,C/A,L1
L1.3.2,1619841,G/A,L1
L1.3.2,1630279,G/T,L1
L1.3.2,1672808,G/A,L1
L1.3.2,1687744,C/A,L1
L1.3.2,1713460,C/G,L1
L1.3.2,1736653,G/T,L1
L1.3.2,1747966,C/T,L1
L1.3.2,1829837,C/T,L1
L1.3.2,1849034,T/C,L1
L1.3.2,1956381,C/T,L1
L1.3.2,1971093,T/C,L1
L1.3.2,2047861,C/T,L1
L1.3.2,2053701,G/A,L1
L1.3.2,2066828,G/A,L1
L1.3.2,2127760,C/T,L1
L1.3.2,2223553,G/T,L1
L1.3.2,2242238,G/A,L1
L1.3.2,2282058,C/T,L1
L1.3.2,2288237,G/A,L1
L1.3.2,2297974,T/C,L1
L1.3.2,2352231,C/A,L1
L1.3.2,2364420,G/A,L1
L1.3.2,2616790,A/G,L1
L1.3.2,2705603,G/A,L1
L1.3.2,2711204,G/T,L1
L1.3.2,2743259,T/C,L1
L1.3.2,2745310,G/A,L1
L1.3.2,2953871,C/A,L1
L1.3.2,2957418,A/G,L1
L1.3.2,3020449,A/G,L1
L1.3.2,3105332,G/A,L1
L1.3.2,3190125,T/C,L1
L1.3.2,3265772,C/T,L1
L1.3.2,3266997,G/C,L1
L1.3.2,3286017,G/A,L1
L1.3.2,3314986,A/C,L1
L1.3.2,3352192,G/A,L1
L1.3.2,3543422,G/T,L1
L1.3.2,3549269,G/A,L1
L1.3.2,3587944,C/A,L1
L1.3.2,3690137,C/T,L1
L1.3.2,3693428,G/T,L1
L1.3.2,3696316,G/T,L1
L1.3.2,3814737,C/A,L1
L1.3.2,3912156,G/A,L1
L1.3.2,3962794,C/T,L1
L1.3.2,3985572,A/G,L1
L1.3.2,4052488,G/A,L1
L1.3.2,4111073,T/G,L1
L1.3.2,4117307,G/A,L1
L1.3.2,4148174,C/T,L1
L1.3.2,4148809,C/T,L1
L1.3.2,4159405,G/T,L1
L1.3.2,4162072,A/C,L1
L1.3.2,4200993,T/G,L1
L1.3.2,4251796,G/A,L1
L1.3.2,4265593,G/T,L1
L1.3.2,4289444,G/A,L1
L1.3.2,4297109,C/T,L1
L1.3.2,4305071,G/T,L1
L1.3.2,4340286,G/A,L1
L1.3.2,4362120,A/G,L1
L1.3.2,4396073,G/A,L1
